-- MySQL dump 10.14  Distrib 5.5.32-MariaDB, for osx10.6 (i386)
--
-- Host: localhost    Database: pbdb
-- ------------------------------------------------------
-- Server version	5.5.32-MariaDB-log

/*!40101 SET @OLD_CHARACTER_SET_CLIENT=@@CHARACTER_SET_CLIENT */;
/*!40101 SET @OLD_CHARACTER_SET_RESULTS=@@CHARACTER_SET_RESULTS */;
/*!40101 SET @OLD_COLLATION_CONNECTION=@@COLLATION_CONNECTION */;
/*!40101 SET NAMES utf8 */;
/*!40103 SET @OLD_TIME_ZONE=@@TIME_ZONE */;
/*!40103 SET TIME_ZONE='+00:00' */;
/*!40014 SET @OLD_UNIQUE_CHECKS=@@UNIQUE_CHECKS, UNIQUE_CHECKS=0 */;
/*!40014 SET @OLD_FOREIGN_KEY_CHECKS=@@FOREIGN_KEY_CHECKS, FOREIGN_KEY_CHECKS=0 */;
/*!40101 SET @OLD_SQL_MODE=@@SQL_MODE, SQL_MODE='NO_AUTO_VALUE_ON_ZERO' */;
/*!40111 SET @OLD_SQL_NOTES=@@SQL_NOTES, SQL_NOTES=0 */;

--
-- Table structure for table `interval_data`
--

DROP TABLE IF EXISTS `interval_data`;
/*!40101 SET @saved_cs_client     = @@character_set_client */;
/*!40101 SET character_set_client = utf8 */;
CREATE TABLE `interval_data` (
  `interval_no` int(10) unsigned NOT NULL,
  `interval_name` varchar(80) NOT NULL,
  `abbrev` varchar(10) DEFAULT NULL,
  `early_age` decimal(9,5) DEFAULT NULL,
  `late_age` decimal(9,5) DEFAULT NULL,
  `reference_no` int(10) unsigned NOT NULL,
  PRIMARY KEY (`interval_no`),
  KEY `interval_name` (`interval_name`),
  KEY `early_age` (`early_age`),
  KEY `late_age` (`late_age`)
) ENGINE=MyISAM DEFAULT CHARSET=utf8;
/*!40101 SET character_set_client = @saved_cs_client */;

--
-- Dumping data for table `interval_data`
--

LOCK TABLES `interval_data` WRITE;
/*!40000 ALTER TABLE `interval_data` DISABLE KEYS */;
INSERT INTO `interval_data` VALUES (31,'Early Ordovician',NULL,485.40000,470.00000,47900),(40,'Early Cretaceous',NULL,145.00000,100.50000,47900),(43,'Early Jurassic',NULL,201.30000,174.10000,47900),(46,'Early Triassic',NULL,252.17000,247.20000,47900),(58,'Early Devonian',NULL,419.20000,393.30000,47900),(77,'Early Imbrian',NULL,3850.00000,1650.00000,5954),(82,'Early Pliocene',NULL,5.33300,3.60000,5954),(85,'Early Miocene',NULL,23.03000,15.97000,5954),(87,'Early Oligocene',NULL,33.90000,28.40000,5954),(90,'Early Eocene',NULL,55.80000,48.60000,5954),(92,'Early Paleocene',NULL,66.00000,61.70000,5954),(205,'Early Llandeilo',NULL,466.00000,460.90000,5954),(207,'Early Llanvirn',NULL,466.00000,463.50000,5954),(248,'Early Clarendonian',NULL,13.60000,10.30000,5959),(251,'Early Barstovian',NULL,15.97000,13.60000,5959),(253,'Early Hemingfordian',NULL,20.43000,15.97000,5959),(260,'Early Chadronian',NULL,37.20000,33.90000,5959),(262,'Early Uintan',NULL,46.20000,40.40000,5959),(485,'Early Callovian',NULL,164.70000,161.20000,8933),(487,'Early Bajocian',NULL,171.60000,168.40000,8933),(490,'Early Toarcian',NULL,183.00000,182.00000,8933),(492,'Early Pliensbachian',NULL,189.60000,183.00000,8933),(494,'Early Sinemurian',NULL,196.50000,189.60000,8933),(655,'Early Maastrichtian',NULL,70.60000,66.00000,9098),(658,'Early Campanian',NULL,83.50000,70.60000,9098),(661,'Early Santonian',NULL,85.80000,83.50000,9098),(664,'Early Coniacian',NULL,89.30000,85.80000,9098),(667,'Early Turonian',NULL,93.50000,89.30000,9098),(670,'Early Cenomanian',NULL,99.60000,93.50000,9098),(673,'Early Albian',NULL,112.03000,109.00000,9098),(675,'Early Aptian',NULL,125.45000,122.46000,9098),(677,'Early Barremian',NULL,130.00000,125.45000,9098),(679,'Early Hauterivian',NULL,136.40000,130.00000,9098),(681,'Early Valanginian',NULL,140.20000,136.40000,9098),(684,'Early Berriasian',NULL,145.00000,140.20000,9098),(687,'Early Tithonian',NULL,150.80000,145.00000,9098),(689,'Early Kimmeridgian',NULL,155.70000,150.80000,9098),(692,'Early Oxfordian',NULL,161.20000,155.70000,9098),(695,'Early Bathonian',NULL,167.70000,164.70000,9098),(698,'Early Aalenian',NULL,175.60000,171.60000,9098),(701,'Early Hettangian',NULL,201.30000,196.50000,9098),(776,'Early Pennsylvanian',NULL,318.10000,314.60000,15443),(779,'Early Mississippian',NULL,358.90000,345.30000,15443),(782,'Early Cambrian',NULL,541.00000,513.00000,15443),(924,'Early Pleistocene',NULL,2.58800,0.78100,15443),(1059,'Early Vyatkian',NULL,259.00000,252.30000,29103),(1061,'Early Severodvinian',NULL,265.00000,252.30000,29103),(1063,'Early Urzhumian',NULL,268.00000,265.00000,29103),(1065,'Early Kazanian',NULL,272.50000,268.00000,29103),(1070,'Early Famennian',NULL,376.10000,370.60000,33105),(1073,'Early Frasnian',NULL,383.70000,382.40000,33105),(1075,'Early Emsian',NULL,409.10000,402.50000,33153),(1078,'Early Givetian',NULL,388.10000,383.70000,33153),(29,'Late Ordovician',NULL,458.40000,443.40000,47900),(39,'Late Cretaceous',NULL,100.50000,66.00000,47900),(41,'Late Jurassic',NULL,163.50000,145.00000,47900),(44,'Late Triassic',NULL,237.00000,201.30000,47900),(56,'Late Devonian',NULL,382.70000,358.90000,47900),(81,'Late Pliocene',NULL,3.60000,2.58800,5954),(83,'Late Miocene',NULL,11.60800,5.33300,5954),(86,'Late Oligocene',NULL,28.40000,23.03000,5954),(88,'Late Eocene',NULL,37.20000,33.90000,5954),(91,'Late Paleocene',NULL,58.70000,55.80000,5954),(203,'Late Llandeilo',NULL,460.90000,449.50000,5954),(206,'Late Llanvirn',NULL,463.50000,460.90000,5954),(244,'Late Hemphillian',NULL,10.30000,4.90000,5959),(247,'Late Clarendonian',NULL,13.60000,10.30000,5959),(252,'Late Hemingfordian',NULL,20.43000,15.97000,5959),(258,'Late Chadronian',NULL,37.20000,33.90000,5959),(261,'Late Uintan',NULL,46.20000,40.40000,5959),(483,'Late Callovian',NULL,164.70000,161.20000,8933),(486,'Late Bajocian',NULL,171.60000,167.70000,8933),(488,'Late Toarcian',NULL,180.10000,175.60000,8933),(491,'Late Pliensbachian',NULL,189.60000,183.00000,8933),(493,'Late Sinemurian',NULL,196.50000,189.60000,8933),(654,'Late Maastrichtian',NULL,70.60000,66.00000,9098),(656,'Late Campanian',NULL,83.50000,70.60000,9098),(659,'Late Santonian',NULL,85.80000,83.50000,9098),(662,'Late Coniacian',NULL,89.30000,85.80000,9098),(665,'Late Turonian',NULL,93.50000,89.30000,9098),(668,'Late Cenomanian',NULL,99.60000,93.50000,9098),(671,'Late Albian',NULL,105.30000,99.60000,9098),(674,'Late Aptian',NULL,122.46000,112.03000,9098),(676,'Late Barremian',NULL,130.00000,125.45000,9098),(678,'Late Hauterivian',NULL,136.40000,130.00000,9098),(680,'Late Valanginian',NULL,140.20000,136.40000,9098),(682,'Late Berriasian',NULL,145.00000,140.20000,9098),(685,'Late Tithonian',NULL,150.80000,145.00000,9098),(688,'Late Kimmeridgian',NULL,155.70000,150.80000,9098),(690,'Late Oxfordian',NULL,161.20000,155.70000,9098),(693,'Late Bathonian',NULL,167.70000,164.70000,9098),(696,'Late Aalenian',NULL,175.60000,171.60000,9098),(699,'Late Hettangian',NULL,201.30000,196.50000,9098),(774,'Late Pennsylvanian',NULL,306.95000,298.90000,15443),(777,'Late Mississippian',NULL,326.40000,318.10000,15443),(922,'Late Pleistocene',NULL,0.12600,0.01170,15443),(1058,'Late Vyatkian',NULL,265.00000,252.30000,29103),(1060,'Late Severodvinian',NULL,265.00000,254.00000,29103),(1062,'Late Urzhumian',NULL,268.00000,265.00000,29103),(1064,'Late Kazanian',NULL,272.50000,268.00000,29103),(1068,'Late Famennian',NULL,364.70000,360.70000,33105),(1071,'Late Frasnian',NULL,379.50000,376.10000,33105),(1074,'Late Emsian',NULL,402.50000,391.90000,33153),(1076,'Late Givetian',NULL,388.10000,383.70000,33153),(1,'Cenozoic','Cz',66.00000,0.00000,47900),(2,'Mesozoic','Mz',252.17000,66.00000,47900),(3,'Paleozoic','Pz',541.00000,252.17000,47900),(4,'Sinian',NULL,635.00000,541.00000,5954),(5,'Riphean',NULL,1650.00000,635.00000,5954),(6,'Animikean',NULL,1650.00000,1650.00000,5954),(7,'Huronian',NULL,1650.00000,1650.00000,5954),(8,'Randian',NULL,1650.00000,1650.00000,5954),(9,'Swazian',NULL,1650.00000,1650.00000,5954),(10,'Isuan',NULL,1650.00000,1650.00000,5954),(11,'Hadean',NULL,4600.00000,4000.00000,5954),(12,'Quaternary',NULL,2.58800,0.00000,47900),(13,'Tertiary',NULL,66.00000,2.58800,5954),(14,'Cretaceous','K',145.00000,66.00000,47900),(15,'Jurassic','J',201.30000,145.00000,47900),(16,'Triassic','Tr',252.17000,201.30000,47900),(17,'Permian','P',298.90000,252.17000,47900),(18,'Carboniferous','C',358.90000,298.90000,47900),(19,'Devonian','D',419.20000,358.90000,47900),(20,'Silurian','S',443.40000,419.20000,47900),(21,'Ordovician','O',485.40000,443.40000,47900),(22,'Cambrian','Cm',541.00000,485.40000,47900),(23,'Vendian',NULL,635.00000,541.00000,5954),(24,'Sturtian',NULL,723.00000,663.00000,5954),(25,'Neogene','Ng',23.03000,2.58800,47900),(26,'Paleogene','Pg',66.00000,23.03000,47900),(27,'Pennsylvanian',NULL,323.20000,298.90000,47900),(28,'Mississippian',NULL,358.90000,323.20000,47900),(30,'Middle Ordovician',NULL,470.00000,458.40000,47900),(32,'Holocene',NULL,0.01170,0.00000,47900),(33,'Pleistocene',NULL,2.58800,0.01170,47900),(34,'Pliocene',NULL,5.33300,2.58800,47900),(35,'Miocene',NULL,23.03000,5.33300,47900),(36,'Oligocene',NULL,33.90000,23.03000,47900),(37,'Eocene',NULL,56.00000,33.90000,47900),(38,'Paleocene',NULL,66.00000,56.00000,47900),(42,'Middle Jurassic',NULL,174.10000,163.50000,47900),(45,'Middle Triassic',NULL,247.20000,237.00000,47900),(47,'Zechstein',NULL,259.00000,252.30000,5954),(48,'Rotliegendes',NULL,298.90000,254.00000,5954),(49,'Gzhelian',NULL,303.70000,298.90000,5954),(50,'Kasimovian',NULL,307.00000,303.70000,5954),(51,'Moscovian',NULL,315.20000,307.00000,5954),(52,'Bashkirian',NULL,323.20000,315.20000,5954),(53,'Serpukhovian',NULL,330.90000,323.20000,5954),(54,'Visean',NULL,346.70000,330.90000,5954),(55,'Tournaisian',NULL,358.90000,346.70000,5954),(57,'Middle Devonian',NULL,393.30000,382.70000,47900),(59,'Pridoli',NULL,423.00000,419.20000,47900),(60,'Ludlow',NULL,427.40000,423.00000,47900),(61,'Wenlock',NULL,433.40000,427.40000,47900),(62,'Llandovery',NULL,443.40000,433.40000,47900),(63,'Ashgill',NULL,449.50000,443.70000,5954),(64,'Caradoc',NULL,460.90000,449.50000,5954),(65,'Llandeilo',NULL,466.00000,449.50000,5954),(66,'Llanvirn',NULL,466.00000,460.90000,5954),(67,'Arenig',NULL,478.60000,466.00000,5954),(68,'Tremadoc',NULL,485.40000,477.70000,5954),(69,'Merioneth',NULL,501.00000,485.40000,5954),(70,'St Davids',NULL,513.00000,501.00000,5954),(71,'Caerfai',NULL,530.00000,513.00000,5954),(72,'Ediacara',NULL,580.00000,541.00000,5954),(73,'Varanger',NULL,635.00000,580.00000,5954),(74,'Karatau',NULL,1050.00000,635.00000,5954),(75,'Yurmatin',NULL,1350.00000,1050.00000,5954),(76,'Burzyan',NULL,1650.00000,1350.00000,5954),(78,'Nectarian',NULL,3950.00000,3850.00000,5954),(79,'Basin Groups 1-9',NULL,4150.00000,3950.00000,5954),(80,'Cryptic',NULL,4560.00000,4150.00000,5954),(84,'Middle Miocene',NULL,15.97000,11.60800,5954),(89,'Middle Eocene',NULL,48.60000,37.20000,5954),(93,'Senonian',NULL,89.30000,66.00000,5954),(94,'Gallic',NULL,130.00000,89.30000,5954),(95,'Neocomian',NULL,145.00000,130.00000,5954),(96,'Piacenzian',NULL,3.60000,2.58800,47900),(97,'Zanclean',NULL,5.33300,3.60000,47900),(98,'Messinian',NULL,7.24600,5.33300,47900),(99,'Tortonian',NULL,11.62000,7.24600,47900),(100,'Serravallian',NULL,13.82000,11.62000,47900),(101,'Langhian',NULL,15.97000,13.82000,47900),(102,'Burdigalian',NULL,20.44000,15.97000,47900),(103,'Aquitanian',NULL,23.03000,20.44000,47900),(104,'Chattian',NULL,28.10000,23.03000,47900),(105,'Rupelian',NULL,33.90000,28.10000,47900),(106,'Priabonian',NULL,38.00000,33.90000,47900),(107,'Bartonian',NULL,41.30000,38.00000,47900),(108,'Lutetian',NULL,47.80000,41.30000,47900),(109,'Ypresian',NULL,56.00000,47.80000,47900),(110,'Thanetian',NULL,59.20000,56.00000,47900),(111,'Danian',NULL,66.00000,61.60000,47900),(112,'Maastrichtian',NULL,72.10000,66.00000,47900),(113,'Campanian',NULL,83.60000,72.10000,47900),(114,'Santonian',NULL,86.30000,83.60000,47900),(115,'Coniacian',NULL,89.80000,86.30000,47900),(116,'Turonian',NULL,93.90000,89.80000,47900),(117,'Cenomanian',NULL,100.50000,93.90000,47900),(118,'Albian',NULL,113.00000,100.50000,47900),(119,'Aptian',NULL,125.00000,113.00000,47900),(120,'Barremian',NULL,129.40000,125.00000,47900),(121,'Hauterivian',NULL,132.90000,129.40000,47900),(122,'Valanginian',NULL,139.80000,132.90000,47900),(123,'Berriasian',NULL,145.00000,139.80000,47900),(124,'Tithonian',NULL,152.10000,145.00000,47900),(125,'Kimmeridgian',NULL,157.30000,152.10000,47900),(126,'Oxfordian',NULL,163.50000,157.30000,47900),(127,'Callovian',NULL,166.10000,163.50000,47900),(128,'Bathonian',NULL,168.30000,166.10000,47900),(129,'Bajocian',NULL,170.30000,168.30000,47900),(130,'Aalenian',NULL,174.10000,170.30000,47900),(131,'Toarcian',NULL,182.70000,174.10000,47900),(132,'Pliensbachian',NULL,190.80000,182.70000,47900),(133,'Sinemurian',NULL,199.30000,190.80000,47900),(134,'Hettangian',NULL,201.30000,199.30000,47900),(135,'Rhaetian',NULL,208.50000,201.30000,47900),(136,'Norian',NULL,228.00000,208.50000,47900),(137,'Carnian',NULL,237.00000,228.00000,47900),(138,'Ladinian',NULL,242.00000,237.00000,47900),(139,'Anisian',NULL,247.20000,242.00000,47900),(140,'Spathian',NULL,251.30000,247.20000,5954),(141,'Nammalian',NULL,252.17000,247.20000,5954),(142,'Griesbachian',NULL,252.17000,251.30000,5954),(1009,'Sandbian',NULL,458.40000,453.00000,47900),(144,'Longtanian',NULL,259.00000,254.00000,5954),(145,'Capitanian',NULL,265.10000,259.90000,5954),(146,'Wordian',NULL,268.80000,265.10000,5954),(147,'Ufimian',NULL,279.50000,272.50000,5954),(148,'Kungurian',NULL,279.30000,272.30000,5954),(149,'Artinskian',NULL,290.10000,279.30000,5954),(150,'Sakmarian',NULL,295.50000,290.10000,5954),(151,'Asselian',NULL,298.90000,295.50000,5954),(152,'Noginian',NULL,301.20000,300.20000,5954),(153,'Klazminskian',NULL,303.40000,301.20000,5954),(154,'Dorogovilovian',NULL,304.80000,303.40000,5954),(155,'Khamovnichean',NULL,305.90000,304.80000,5954),(156,'Krevyakian',NULL,306.95000,305.90000,5954),(157,'Myachkovian',NULL,309.00000,306.95000,5954),(158,'Podolskian',NULL,311.45000,309.00000,5954),(159,'Kashirian',NULL,313.80000,311.45000,5954),(160,'Vereian',NULL,314.60000,313.80000,5954),(161,'Melekesian',NULL,318.10000,314.60000,5954),(162,'Cheremshanian',NULL,318.10000,314.60000,5954),(163,'Yeadonian',NULL,318.10000,314.60000,5954),(164,'Marsdenian',NULL,318.10000,314.60000,5954),(165,'Kinderscoutian',NULL,318.10000,314.60000,5954),(166,'Alportian',NULL,318.10000,314.60000,5954),(167,'Chokierian',NULL,318.10000,314.60000,5954),(168,'Arnsbergian',NULL,326.40000,318.10000,5954),(169,'Pendleian',NULL,326.40000,318.10000,5954),(170,'Brigantian',NULL,336.00000,326.40000,5954),(171,'Asbian',NULL,339.40000,336.00000,5954),(172,'Holkerian',NULL,342.80000,339.40000,5954),(173,'Arundian',NULL,345.00000,342.80000,5954),(174,'Chadian',NULL,345.30000,345.00000,5954),(175,'Ivorian',NULL,353.80000,345.30000,5954),(176,'Hastarian',NULL,358.90000,353.80000,5954),(177,'Famennian',NULL,372.20000,358.90000,47900),(178,'Frasnian',NULL,382.70000,372.20000,47900),(179,'Givetian',NULL,387.70000,382.70000,47900),(180,'Eifelian',NULL,393.30000,387.70000,47900),(181,'Emsian',NULL,407.60000,393.30000,47900),(182,'Pragian',NULL,410.80000,407.60000,47900),(183,'Lochkovian',NULL,419.20000,410.80000,47900),(184,'Ludfordian',NULL,425.60000,423.00000,47900),(185,'Gorstian',NULL,427.40000,425.60000,47900),(186,'Gleedonian',NULL,425.40000,422.90000,5954),(187,'Whitwellian',NULL,426.20000,425.40000,5954),(188,'Sheinwoodian',NULL,433.40000,430.50000,47900),(189,'Telychian',NULL,438.50000,433.40000,47900),(190,'Aeronian',NULL,440.80000,438.50000,47900),(191,'Rhuddanian',NULL,443.40000,440.80000,47900),(192,'Hirnantian',NULL,445.20000,443.40000,47900),(193,'Rawtheyan',NULL,455.80000,445.60000,5954),(194,'Cautleyan',NULL,449.50000,445.60000,5954),(195,'Pusgillian',NULL,449.50000,445.60000,5954),(196,'Onnian',NULL,452.00000,449.50000,5954),(197,'Actonian',NULL,455.80000,452.00000,5954),(198,'Marshbrookian',NULL,455.80000,452.00000,5954),(199,'Longvillian',NULL,457.50000,455.80000,5954),(200,'Soudleyan',NULL,457.50000,455.80000,5954),(201,'Harnagian',NULL,457.50000,455.80000,5954),(202,'Costonian',NULL,460.90000,457.50000,5954),(204,'Middle Llandeilo',NULL,460.90000,449.50000,5954),(208,'Dolgellian',NULL,501.00000,485.40000,5954),(209,'Maentwrogian',NULL,501.00000,485.40000,5954),(210,'Menevian',NULL,513.00000,501.00000,5954),(211,'Solvan',NULL,513.00000,501.00000,5954),(212,'Lenian',NULL,516.00000,513.00000,5954),(213,'Atdabanian',NULL,520.00000,516.00000,5954),(214,'Tommotian',NULL,530.00000,520.00000,5954),(215,'Poundian',NULL,580.00000,541.00000,5954),(216,'Wonokan',NULL,580.00000,580.00000,5954),(217,'Mortensnes',NULL,580.00000,580.00000,5954),(218,'Smalfjord',NULL,723.00000,635.00000,5954),(219,'Blancan',NULL,4.90000,1.80000,5954),(220,'Hemphillian',NULL,10.30000,4.90000,5954),(221,'Clarendonian',NULL,13.60000,10.30000,5954),(222,'Barstovian',NULL,15.97000,13.60000,5954),(223,'Hemingfordian',NULL,20.43000,15.97000,5954),(224,'Arikareean',NULL,30.80000,20.43000,5954),(225,'Whitneyan',NULL,33.30000,30.80000,5954),(226,'Orellan',NULL,33.90000,33.30000,5954),(227,'Chadronian',NULL,37.20000,33.90000,5954),(228,'Duchesnean',NULL,40.40000,37.20000,5954),(229,'Uintan',NULL,46.20000,40.40000,5954),(230,'Bridgerian',NULL,50.30000,46.20000,5954),(231,'Wasatchian',NULL,55.80000,50.30000,5954),(232,'Clarkforkian',NULL,56.80000,55.80000,5954),(233,'Tiffanian',NULL,61.70000,56.80000,5954),(234,'Torrejonian',NULL,63.30000,61.70000,5954),(235,'Dragonian',NULL,66.00000,61.70000,5954),(236,'Puercan',NULL,66.00000,63.30000,5954),(237,'Rancholabrean',NULL,0.30000,0.01200,5959),(238,'Irvingtonian',NULL,1.80000,0.30000,5959),(239,'Sheridanian',NULL,0.30000,0.01200,5959),(240,'Cudahyan',NULL,1.80000,0.30000,5959),(241,'Sappan',NULL,1.80000,0.30000,5959),(242,'\"Senecan\"',NULL,4.90000,1.80000,5959),(243,'Rexroadian',NULL,4.90000,1.80000,5959),(245,'late Early Hemphillian',NULL,10.30000,4.90000,5959),(246,'early Early Hemphillian',NULL,10.30000,4.90000,5959),(249,'late Late Barstovian',NULL,15.97000,13.60000,5959),(250,'early Late Barstovian',NULL,15.97000,13.60000,5959),(254,'late Late Arikareean',NULL,30.80000,20.43000,5959),(255,'early Late Arikareean',NULL,30.80000,20.43000,5959),(256,'late Early Arikareean',NULL,30.80000,20.43000,5959),(257,'early Early Arikareean',NULL,30.80000,20.43000,5959),(259,'Middle Chadronian',NULL,37.20000,33.90000,5959),(263,'Twinbuttean',NULL,50.30000,46.20000,5959),(264,'Blacksforkian',NULL,50.30000,46.20000,5959),(265,'Gardnerbuttian',NULL,50.30000,46.20000,5959),(266,'Lostcabinian',NULL,55.80000,50.30000,5959),(267,'Lysitean',NULL,55.80000,50.30000,5959),(268,'Graybullian',NULL,55.80000,50.30000,5959),(269,'Sandcouleean',NULL,55.80000,50.30000,5959),(270,'Cf3',NULL,56.80000,55.80000,5959),(271,'Cf2',NULL,56.80000,55.80000,5959),(272,'Cf1',NULL,56.80000,55.80000,5959),(273,'Ti6',NULL,61.70000,56.80000,5959),(274,'Ti5',NULL,61.70000,56.80000,5959),(275,'Ti4',NULL,61.70000,56.80000,5959),(276,'Ti3',NULL,61.70000,56.80000,5959),(277,'Ti2',NULL,61.70000,56.80000,5959),(278,'Ti1',NULL,61.70000,56.80000,5959),(279,'To3',NULL,63.30000,61.70000,5959),(280,'To2',NULL,63.30000,61.70000,5959),(281,'To1',NULL,63.30000,61.70000,5959),(282,'Pu3',NULL,66.00000,63.30000,5959),(283,'Pu2',NULL,66.00000,63.30000,5959),(284,'Pu1',NULL,66.00000,63.30000,5959),(285,'Harrisonian',NULL,24.80000,20.43000,8850),(286,'Monroecreekian',NULL,26.30000,24.80000,8850),(287,'Geringian',NULL,30.80000,26.30000,8850),(288,'Villanyian',NULL,3.20000,2.58800,8851),(289,'Ruscinian',NULL,5.33300,3.20000,8851),(290,'Turolian',NULL,8.70000,5.33300,8851),(291,'Vallesian',NULL,11.60800,8.70000,8851),(292,'Astaracian',NULL,15.97000,11.60800,8851),(293,'Orleanian',NULL,20.00000,15.97000,8851),(294,'Agenian',NULL,23.03000,20.00000,8851),(295,'MN 17',NULL,2.58800,1.80600,8851),(296,'MN 16',NULL,3.20000,2.58800,8851),(297,'MN 15',NULL,4.20000,3.20000,8851),(298,'MN 14',NULL,4.90000,4.20000,8851),(299,'MN 13',NULL,7.24600,4.90000,8851),(300,'MN 12',NULL,7.75000,7.24600,8851),(301,'MN 11',NULL,8.70000,7.75000,8851),(302,'MN 10',NULL,9.70000,8.70000,8851),(303,'MN 9',NULL,11.10000,9.70000,8851),(304,'MN 7 + 8',NULL,12.75000,11.10000,8851),(305,'MN 6',NULL,13.65000,12.75000,8851),(306,'MN 5',NULL,15.97000,13.65000,8851),(307,'MN 4',NULL,16.90000,15.97000,8851),(308,'MN 3',NULL,20.00000,16.90000,8851),(309,'MN 2',NULL,22.40000,20.00000,8851),(310,'MN 1',NULL,23.03000,22.40000,8851),(311,'Dolgelly',NULL,501.00000,485.40000,5954),(312,'Festiniogian',NULL,501.00000,485.40000,5954),(313,'Maentwrog',NULL,501.00000,485.40000,5954),(314,'Clogau',NULL,513.00000,501.00000,5954),(315,'Gamlan',NULL,513.00000,501.00000,5954),(316,'Barmouth',NULL,513.00000,501.00000,5954),(317,'Hafotty',NULL,513.00000,501.00000,5954),(318,'Rhinog',NULL,516.00000,513.00000,5954),(319,'Llanbedr',NULL,520.00000,516.00000,5954),(320,'Dolwen',NULL,530.00000,516.00000,5954),(321,'Trempealeauan',NULL,501.00000,485.40000,5954),(322,'Franconian',NULL,501.00000,485.40000,5954),(323,'Dresbachian',NULL,501.00000,485.40000,5954),(324,'Albertian',NULL,513.00000,501.00000,5954),(325,'Waucoban',NULL,530.00000,513.00000,5954),(326,'Kosov',NULL,445.60000,443.70000,5954),(327,'Kraluv Dvur',NULL,449.50000,445.60000,5954),(328,'Bohdalec',NULL,457.50000,445.60000,5954),(329,'Zahorany',NULL,457.50000,455.80000,5954),(330,'Vinice',NULL,457.50000,455.80000,5954),(331,'Letna',NULL,460.90000,455.80000,5954),(332,'Liben',NULL,460.90000,457.50000,5954),(333,'Dobrotiva',NULL,466.00000,460.90000,5954),(334,'Sarka',NULL,466.00000,466.00000,5954),(335,'Klabava',NULL,478.60000,466.00000,5954),(336,'Porkuni',NULL,445.60000,443.70000,5954),(337,'Pirgu',NULL,449.50000,445.60000,5954),(338,'Vormsi',NULL,452.00000,445.60000,5954),(339,'Nabala',NULL,452.00000,449.50000,5954),(340,'Rakvere',NULL,455.80000,452.00000,5954),(341,'Oandu',NULL,457.50000,452.00000,5954),(342,'Keila',NULL,460.90000,455.80000,5954),(343,'Johvi',NULL,457.50000,449.50000,5954),(344,'Idavere',NULL,460.90000,455.80000,5954),(345,'Kukruse',NULL,460.90000,449.50000,5954),(346,'Uhaku',NULL,466.00000,460.90000,5954),(347,'Lasnamagi',NULL,463.50000,460.90000,5954),(348,'Aseri',NULL,463.50000,460.90000,5954),(349,'Kunda',NULL,468.10000,463.50000,5954),(350,'Volkhov',NULL,471.80000,468.10000,5954),(351,'Latorp',NULL,484.50000,471.80000,5954),(352,'Olentian',NULL,501.00000,484.50000,5954),(353,'Gamach',NULL,445.60000,443.70000,5954),(354,'Richmond',NULL,449.50000,445.60000,5954),(355,'Maysville',NULL,452.00000,445.60000,5954),(356,'Edenian',NULL,460.90000,449.50000,5954),(357,'Sherman',NULL,457.50000,454.00000,5954),(358,'Kirkfield',NULL,457.50000,455.80000,5954),(359,'Rockland',NULL,457.50000,455.80000,5954),(360,'Black River',NULL,460.90000,457.50000,5954),(361,'Chazy',NULL,466.00000,457.50000,5954),(362,'Whiterock',NULL,468.10000,460.90000,5954),(363,'Cassinian',NULL,478.60000,468.10000,5954),(364,'Jefferson',NULL,485.40000,468.10000,5954),(365,'Deming',NULL,485.40000,478.60000,5954),(366,'Gasconadian',NULL,485.40000,477.70000,5954),(367,'Red Downtonian',NULL,423.00000,419.20000,5954),(368,'Temeside Shales',NULL,423.00000,419.20000,5954),(369,'Downton Castle',NULL,423.00000,419.20000,5954),(370,'Whitcliffe',NULL,421.30000,419.20000,5954),(371,'Leintwardine',NULL,421.30000,419.20000,5954),(372,'Bringewood',NULL,422.90000,421.30000,5954),(373,'Elton',NULL,422.90000,421.30000,5954),(374,'Wenlock (England)',NULL,425.40000,422.90000,5954),(375,'Tickwood',NULL,425.40000,422.90000,5954),(376,'Coalbrookdale',NULL,428.20000,422.90000,5954),(377,'Buildwas',NULL,428.20000,426.20000,5954),(378,'Woolhope',NULL,436.00000,428.20000,5954),(379,'Wych',NULL,439.00000,428.20000,5954),(380,'Cowleigh Park',NULL,443.40000,439.00000,5954),(381,'Pridolischichten',NULL,423.00000,419.20000,5954),(382,'Kopaninaschichten',NULL,425.40000,419.20000,5954),(383,'Litenschichten',NULL,443.40000,422.90000,5954),(384,'Sundre',NULL,423.00000,419.20000,5954),(385,'Hamra',NULL,421.30000,419.20000,5954),(386,'Burgsvik',NULL,421.30000,419.20000,5954),(387,'Eke',NULL,421.30000,419.20000,5954),(388,'Hemse',NULL,425.40000,419.20000,5954),(389,'Mulde',NULL,428.20000,422.90000,5954),(390,'Slite',NULL,428.20000,426.20000,5954),(391,'Hogklint',NULL,428.20000,426.20000,5954),(392,'Upper Visby',NULL,428.20000,426.20000,5954),(393,'Lower Visby',NULL,436.00000,428.20000,5954),(394,'Cayugan',NULL,422.90000,419.20000,5954),(395,'Lockportian',NULL,428.20000,422.90000,5954),(396,'Tonawandan',NULL,436.00000,426.20000,5954),(397,'Ontarian',NULL,439.00000,428.20000,5954),(398,'Alexandrian',NULL,443.40000,436.00000,5954),(399,'Pilton',NULL,376.10000,353.80000,5954),(400,'Baggy',NULL,376.10000,360.70000,5954),(401,'Upcott',NULL,376.10000,360.70000,5954),(402,'Pickwell Down',NULL,376.10000,360.70000,5954),(403,'Morte',NULL,388.10000,376.10000,5954),(404,'Ilfracombe',NULL,388.10000,383.70000,5954),(405,'Hangman',NULL,391.90000,388.10000,5954),(406,'Lynton',NULL,409.10000,388.10000,5954),(407,'Brecon',NULL,412.30000,391.90000,5954),(408,'Ditton',NULL,416.00000,412.30000,5954),(409,'Downton',NULL,418.70000,412.30000,5954),(410,'Famennien',NULL,383.70000,360.70000,5954),(411,'Frasnien',NULL,388.10000,376.10000,5954),(412,'Givetien',NULL,388.10000,383.70000,5954),(413,'Couvinien',NULL,409.10000,383.70000,5954),(414,'Coblencien',NULL,412.30000,391.90000,5954),(415,'Gedinnine',NULL,416.00000,412.30000,5954),(416,'Wocklum',NULL,376.10000,360.70000,5954),(417,'Dasberg',NULL,376.10000,360.70000,5954),(418,'Hemberg',NULL,376.10000,360.70000,5954),(419,'Nehden',NULL,376.10000,360.70000,5954),(420,'Adorf',NULL,388.10000,376.10000,5954),(421,'Givet',NULL,388.10000,383.70000,5954),(422,'Eifel',NULL,391.90000,388.10000,5954),(423,'Ems',NULL,409.10000,391.90000,5954),(424,'Siegen',NULL,412.30000,409.10000,5954),(425,'Gedinne',NULL,416.00000,412.30000,5954),(426,'Srbsko',NULL,388.10000,383.70000,5954),(427,'Chotec',NULL,391.90000,388.10000,5954),(428,'Daleje',NULL,409.10000,388.10000,5954),(429,'Zlichovian',NULL,409.10000,391.90000,5954),(430,'Pragian (Czechoslovakia)',NULL,412.30000,391.90000,5954),(431,'Lochkovian (Czechoslovakia)',NULL,416.00000,409.10000,5954),(432,'Conewangoan',NULL,376.10000,360.70000,5954),(433,'Conneaut',NULL,376.10000,360.70000,5954),(434,'Canadaway',NULL,376.10000,360.70000,5954),(435,'West Falls',NULL,383.70000,376.10000,5954),(436,'Sonyea',NULL,383.70000,376.10000,5954),(437,'Genesee',NULL,388.10000,376.10000,5954),(438,'Taghanic',NULL,388.10000,383.70000,5954),(439,'Tioughnioga',NULL,388.10000,383.70000,5954),(440,'Cazenovian',NULL,391.90000,383.70000,5954),(441,'Southwood',NULL,391.90000,388.10000,5954),(442,'Sawkill',NULL,409.10000,391.90000,5954),(443,'Deer Park',NULL,409.10000,391.90000,5954),(444,'Helderberg',NULL,416.00000,391.90000,5954),(445,'Stephanian',NULL,306.95000,298.90000,5954),(446,'Westphalian',NULL,318.10000,306.95000,5954),(447,'Namurian',NULL,326.40000,314.60000,5954),(448,'Stephanian C',NULL,303.40000,301.20000,5954),(449,'Stephanian B',NULL,304.80000,303.40000,5954),(450,'Stephanian A',NULL,305.90000,304.80000,5954),(451,'Cantabrian',NULL,311.45000,305.90000,5954),(452,'Westphalian D',NULL,311.45000,306.95000,5954),(453,'Westphalian C',NULL,314.60000,311.45000,5954),(454,'Westphalian B',NULL,314.60000,314.60000,5954),(455,'Westphalian A',NULL,318.10000,314.60000,5954),(456,'Virgilian',NULL,303.40000,298.90000,5954),(457,'Missourian',NULL,305.90000,303.40000,5954),(458,'Desmoinesian',NULL,313.80000,305.90000,5954),(459,'Atokan',NULL,318.10000,311.45000,5954),(460,'Morrowan',NULL,318.10000,314.60000,5954),(461,'Chesterian',NULL,339.40000,318.10000,5954),(462,'Meramecian',NULL,345.00000,336.00000,5954),(463,'Osagean',NULL,353.80000,342.80000,5954),(464,'Kinderhookian',NULL,358.90000,353.80000,5954),(465,'Buntsandstein',NULL,265.00000,252.30000,5954),(466,'Ohre',NULL,265.00000,259.00000,5954),(467,'Aller',NULL,265.00000,259.00000,5954),(468,'Leine',NULL,268.00000,265.00000,5954),(469,'Stassfurt Evaporites',NULL,268.00000,265.00000,5954),(470,'Hauptdolomitstinkschiefer',NULL,268.00000,265.00000,5954),(471,'Werra',NULL,279.50000,272.50000,5954),(472,'Zechsteinkalk',NULL,279.50000,272.50000,5954),(473,'Kupferschiefer',NULL,279.50000,272.50000,5954),(474,'Weissliegendes',NULL,279.50000,272.50000,5954),(475,'Dewey Lake',NULL,254.00000,252.30000,5954),(476,'Rustler',NULL,259.00000,254.00000,5954),(477,'Salado',NULL,259.00000,254.00000,5954),(478,'Castile',NULL,259.00000,254.00000,5954),(479,'Capitan',NULL,265.00000,259.00000,5954),(480,'Word',NULL,268.00000,265.00000,5954),(481,'Leonard',NULL,290.10000,268.00000,5954),(482,'Wolfcamp',NULL,296.40000,268.00000,5954),(484,'Middle Callovian',NULL,164.70000,161.20000,8933),(489,'Middle Toarcian',NULL,182.00000,175.60000,8933),(495,'Epizigzagiceras',NULL,168.40000,167.70000,8933),(496,'Rotundum',NULL,171.60000,168.40000,8933),(497,'Oblatum',NULL,171.60000,168.40000,8933),(498,'Kirschneri',NULL,171.60000,168.40000,8933),(499,'Crassicostatus',NULL,171.60000,168.40000,8933),(500,'Widebayense',NULL,171.60000,168.40000,8933),(501,'Howelli',NULL,175.60000,171.60000,8933),(502,'Scissum',NULL,175.60000,171.60000,8933),(503,'Westermanni',NULL,175.60000,171.60000,8933),(504,'Yakounensis',NULL,180.10000,175.60000,8933),(505,'Hillebrandti',NULL,180.10000,175.60000,8933),(506,'Crassicosta',NULL,180.10000,175.60000,8933),(507,'Planulata',NULL,182.00000,180.10000,8933),(508,'Kanense',NULL,183.00000,182.00000,8933),(509,'Carlottense',NULL,184.10000,183.00000,8933),(510,'Kunae',NULL,185.70000,184.10000,8933),(511,'Freboldi',NULL,186.70000,185.70000,8933),(512,'Whiteavesi',NULL,189.60000,186.70000,8933),(513,'Imlayi',NULL,189.60000,186.70000,8933),(514,'Tetraspidoceras',NULL,190.70000,186.70000,8933),(515,'Plesechioceras harbledownense',NULL,196.50000,190.70000,8933),(516,'Asteroceras varians',NULL,196.50000,190.70000,8933),(517,'Arnioceras arnouldi',NULL,196.50000,189.60000,8933),(518,'Coroniceras',NULL,196.50000,190.70000,8933),(519,'Canadensis',NULL,196.60000,190.70000,8933),(520,'Pseudaetomoceras',NULL,196.60000,196.50000,8933),(521,'Franziceras',NULL,201.30000,196.60000,8933),(522,'Euphyllites',NULL,201.30000,196.60000,8933),(523,'Psiloceras',NULL,201.30000,196.50000,8933),(524,'Parkinsoni',NULL,171.60000,167.70000,8933),(525,'Garantiana',NULL,171.60000,167.70000,8933),(526,'Subfurcatum',NULL,171.60000,167.70000,8933),(527,'Humphresianum',NULL,171.60000,168.40000,8933),(528,'Sauzei',NULL,171.60000,167.70000,8933),(529,'Laeviuscula',NULL,171.60000,167.70000,8933),(530,'Discites',NULL,171.60000,167.70000,8933),(531,'Concavum',NULL,175.60000,171.60000,8933),(532,'Murchisonae',NULL,175.60000,171.60000,8933),(533,'Opalinum',NULL,175.60000,171.60000,8933),(534,'Levesquei',NULL,182.00000,175.60000,8933),(535,'Thouarsense',NULL,180.10000,175.60000,8933),(536,'Variabilis',NULL,182.00000,175.60000,8933),(537,'Bifrons',NULL,182.00000,175.60000,8933),(538,'Falciferum',NULL,183.00000,182.00000,8933),(539,'Tenuicostatum',NULL,183.00000,182.00000,8933),(540,'Spinatum',NULL,189.60000,183.00000,8933),(541,'Margaritatus',NULL,189.60000,183.00000,8933),(542,'Davoei',NULL,189.60000,183.00000,8933),(543,'Ibex',NULL,189.60000,183.00000,8933),(544,'Jamesoni',NULL,189.60000,183.00000,8933),(545,'Raricostatum',NULL,196.50000,189.60000,8933),(546,'Oxynotum',NULL,196.50000,189.60000,8933),(547,'Obtusum',NULL,196.50000,189.60000,8933),(548,'Turneri',NULL,196.50000,189.60000,8933),(549,'Semicostatum',NULL,196.50000,189.60000,8933),(550,'Bucklandi',NULL,196.50000,189.60000,8933),(551,'Angulata',NULL,201.30000,196.50000,8933),(552,'Liasicus',NULL,201.30000,196.50000,8933),(553,'Planorbis',NULL,201.30000,196.50000,8933),(554,'Trentonian',NULL,460.90000,449.50000,8960),(555,'Porterfieldian',NULL,0.00000,0.00000,8960),(556,'Darriwilian',NULL,467.30000,458.40000,47900),(557,'Wildernessian',NULL,460.90000,449.50000,8960),(558,'Ashbyan',NULL,460.90000,449.50000,8960),(559,'Tremadocian',NULL,485.40000,477.70000,47900),(560,'Cincinnatian',NULL,452.50000,443.70000,8960),(561,'Mohawkian',NULL,457.50000,452.50000,8960),(562,'Whiterockian',NULL,471.80000,457.50000,8960),(563,'Ibexian',NULL,488.30000,471.80000,8960),(564,'Gamachian',NULL,449.50000,443.70000,8960),(565,'Richmondian',NULL,449.50000,443.70000,8960),(566,'Maysvillian',NULL,452.00000,449.50000,8960),(567,'Chatfieldian',NULL,460.90000,449.50000,8960),(568,'Turinian',NULL,460.90000,449.50000,8960),(569,'Rangerian',NULL,471.80000,468.10000,8960),(570,'Blackhillsian',NULL,478.60000,471.80000,8960),(571,'Tulean',NULL,485.40000,471.80000,8960),(572,'Stairsian',NULL,485.40000,478.60000,8960),(573,'Skullrockian',NULL,485.40000,478.60000,8960),(574,'Harju',NULL,452.00000,443.70000,8960),(575,'Viru',NULL,463.50000,452.00000,8960),(576,'Oeland',NULL,485.40000,463.50000,8960),(577,'Streffordian',NULL,455.80000,449.50000,8960),(578,'Cheneyan',NULL,455.80000,452.00000,8960),(579,'Burrellian',NULL,457.50000,455.80000,8960),(580,'Aurelucian',NULL,460.90000,457.50000,8960),(581,'Llandeilian',NULL,466.00000,460.90000,8960),(582,'Abereiddian',NULL,466.00000,460.90000,8960),(583,'Fennian',NULL,471.80000,466.00000,8960),(584,'Whitlandian',NULL,478.60000,471.80000,8960),(585,'Moridunian',NULL,478.60000,471.80000,8960),(586,'Migneintian',NULL,485.40000,478.60000,8960),(587,'Cressagian',NULL,485.40000,478.60000,8960),(588,'Woolstonian',NULL,455.80000,452.00000,8960),(589,'Volfreyan',NULL,460.90000,457.50000,8960),(590,'Dobrotivian',NULL,460.90000,457.50000,8960),(591,'Oretanian',NULL,466.00000,460.90000,8960),(592,'Kosovian',NULL,445.60000,443.70000,8960),(593,'Kralodvorian',NULL,449.50000,445.60000,8960),(594,'Berounian',NULL,460.90000,449.50000,8960),(595,'Llanvirnian',NULL,468.10000,460.90000,8960),(596,'Arenigian',NULL,478.60000,468.10000,8960),(597,'Bolindian',NULL,449.50000,443.70000,8960),(598,'Eastonian',NULL,456.10000,449.50000,8960),(599,'Gisbornian',NULL,460.90000,456.10000,8960),(600,'Yapeenian',NULL,468.90000,466.00000,8960),(601,'Castlemainian',NULL,472.00000,468.90000,8960),(602,'Chewtonian',NULL,473.90000,472.00000,8960),(603,'Bendigonian',NULL,476.80000,473.90000,8960),(604,'Lancefieldian',NULL,485.40000,476.80000,8960),(605,'Warendian',NULL,485.40000,478.60000,8960),(606,'Qiantianjiang',NULL,449.50000,443.70000,8960),(607,'Aijiashan',NULL,460.90000,443.70000,8960),(608,'Yangtzi',NULL,478.60000,460.90000,8960),(609,'Yichang',NULL,485.40000,478.60000,8960),(610,'Wufeng',NULL,449.50000,443.70000,8960),(611,'Xiaoxita',NULL,460.90000,443.70000,8960),(612,'Guniu',NULL,468.10000,460.90000,8960),(613,'Dawan',NULL,478.60000,468.10000,8960),(614,'Daobaowan',NULL,478.60000,468.10000,8960),(615,'Lianghekou',NULL,485.40000,478.60000,8960),(616,'Shikou',NULL,460.90000,443.70000,8960),(617,'Hanjiang',NULL,460.90000,449.50000,8960),(618,'Hulo',NULL,468.10000,460.90000,8960),(619,'Ningkuo',NULL,478.60000,468.10000,8960),(620,'Hunjiang',NULL,485.40000,468.10000,8960),(621,'Chientangkiangian',NULL,449.50000,443.70000,8960),(622,'Neichiashanian',NULL,460.90000,449.50000,8960),(623,'Zhejiangian',NULL,468.10000,460.90000,8960),(624,'Yushanian',NULL,478.60000,468.10000,8960),(625,'Ichangian',NULL,485.40000,478.60000,8960),(626,'Valhallan',NULL,478.60000,468.10000,8960),(627,'Haljala',NULL,460.90000,449.50000,8960),(628,'Varangu',NULL,485.40000,484.50000,8960),(629,'Pakerort',NULL,485.40000,484.50000,8960),(630,'Aluoja',NULL,466.00000,460.90000,8960),(631,'Valaste',NULL,471.80000,466.00000,8960),(632,'Hunderum',NULL,471.80000,466.00000,8960),(633,'Langevoja',NULL,471.80000,468.10000,8960),(634,'Vaana',NULL,471.80000,468.10000,8960),(635,'Saka',NULL,471.80000,468.10000,8960),(636,'Billingen',NULL,478.60000,471.80000,8960),(637,'Hunneberg',NULL,484.50000,471.80000,8960),(642,'Franklinian',NULL,460.90000,449.50000,9006),(638,'Ashgillian',NULL,449.50000,443.70000,8960),(639,'Caradocian',NULL,460.90000,449.50000,8960),(640,'Volkhovian',NULL,471.80000,468.10000,8960),(641,'Latorpian',NULL,478.60000,471.80000,8960),(643,'Kirkfieldian',NULL,460.90000,449.50000,9006),(644,'Rocklandian',NULL,460.90000,449.50000,9006),(645,'Canadian',NULL,485.40000,468.10000,9006),(646,'Shermanian',NULL,460.90000,449.50000,9006),(647,'Blackriveran',NULL,460.90000,449.50000,9006),(648,'Chazyan',NULL,468.10000,460.90000,9006),(649,'Marmor',NULL,468.10000,460.90000,9006),(650,'Jeffersonian',NULL,485.40000,468.10000,9006),(651,'Demingian',NULL,485.40000,478.60000,9006),(652,'Olenekian',NULL,251.20000,247.20000,47900),(653,'Induan',NULL,252.17000,251.20000,47900),(657,'Middle Campanian',NULL,83.50000,70.60000,9098),(660,'Middle Santonian',NULL,85.80000,83.50000,9098),(663,'Middle Coniacian',NULL,89.30000,85.80000,9098),(666,'Middle Turonian',NULL,93.50000,89.30000,9098),(669,'Middle Cenomanian',NULL,99.60000,93.50000,9098),(672,'Middle Albian',NULL,109.00000,105.30000,9098),(683,'Middle Berriasian',NULL,145.00000,140.20000,9098),(686,'Middle Tithonian',NULL,150.80000,145.00000,9098),(691,'Middle Oxfordian',NULL,161.20000,155.70000,9098),(694,'Middle Bathonian',NULL,167.70000,164.70000,9098),(697,'Middle Aalenian',NULL,175.60000,171.60000,9098),(700,'Middle Hettangian',NULL,201.30000,196.50000,9098),(702,'Sevatian',NULL,212.00000,205.60000,9098),(703,'Alaunian',NULL,215.56000,212.00000,9098),(704,'Lacian',NULL,221.50000,215.56000,9098),(705,'Tuvalian',NULL,232.00000,221.50000,9098),(706,'Julian',NULL,235.00000,232.00000,9098),(707,'Longobardian',NULL,242.00000,235.00000,9098),(708,'Fassanian',NULL,242.00000,235.00000,9098),(709,'Illyrian',NULL,247.20000,242.00000,9098),(710,'Pelsonian',NULL,247.20000,242.00000,9098),(711,'Bithynian',NULL,247.20000,242.00000,9098),(712,'Aegean',NULL,247.20000,242.00000,9098),(713,'Smithian',NULL,251.30000,247.20000,9098),(714,'Dienerian',NULL,252.17000,251.30000,9098),(715,'Changhsingian',NULL,254.17000,252.17000,9184),(716,'Wuchiapingian',NULL,259.90000,254.17000,9184),(717,'Roadian',NULL,272.30000,268.80000,9184),(718,'Lujanian',NULL,0.78100,0.01200,9569),(719,'Ensenadan',NULL,1.20000,0.78100,9569),(720,'Uquian',NULL,3.00000,1.20000,9569),(721,'Chapadmalalan',NULL,4.00000,3.00000,9569),(722,'Montehermosan',NULL,6.80000,4.00000,9569),(723,'Huayquerian',NULL,9.00000,6.80000,9569),(724,'Chasicoan',NULL,10.00000,9.00000,9569),(725,'Mayoan',NULL,11.80000,10.00000,9569),(726,'Laventan',NULL,13.80000,11.80000,9569),(727,'Colloncuran',NULL,15.50000,13.80000,9569),(728,'Friasian',NULL,16.30000,15.50000,9569),(729,'Santacrucian',NULL,17.50000,16.30000,9569),(730,'Colhuehuapian',NULL,21.00000,17.50000,9569),(731,'Deseadan',NULL,29.00000,21.00000,9569),(732,'Tinguirirican',NULL,36.00000,29.00000,9569),(733,'Divisaderan',NULL,42.00000,36.00000,9569),(734,'Mustersan',NULL,48.00000,42.00000,9569),(735,'Casamayoran',NULL,55.80000,48.00000,9569),(736,'Riochican',NULL,57.00000,55.80000,9569),(737,'Itaboraian',NULL,59.00000,57.00000,9569),(738,'Peligran',NULL,62.50000,59.00000,9569),(739,'Tiupampan',NULL,66.00000,62.50000,9569),(740,'Calabrian',NULL,1.80600,0.78100,47900),(741,'Gelasian',NULL,2.58800,1.80600,47900),(1008,'Katian',NULL,453.00000,445.20000,47900),(743,'Selandian',NULL,61.60000,59.20000,47900),(744,'Lancian',NULL,70.60000,66.00000,2237),(745,'Edmontonian',NULL,70.60000,66.00000,2237),(746,'Judithian',NULL,83.50000,70.60000,2237),(747,'Aquilan',NULL,83.50000,70.60000,2237),(748,'Manykaian',NULL,541.00000,530.00000,10010),(749,'Toyonian',NULL,516.00000,513.00000,5954),(750,'Botomian',NULL,516.00000,513.00000,5954),(751,'Phanerozoic',NULL,541.00000,0.00000,47900),(752,'Proterozoic',NULL,2500.00000,541.00000,47900),(753,'Archean',NULL,4000.00000,2500.00000,15443),(754,'Neoproterozoic',NULL,1000.00000,541.00000,47900),(755,'Mesoproterozoic',NULL,1600.00000,1000.00000,47900),(756,'Paleoproterozoic',NULL,2500.00000,1600.00000,47900),(757,'Neoarchean',NULL,2800.00000,2500.00000,15443),(758,'Mesoarchean',NULL,3200.00000,2800.00000,15443),(759,'Paleoarchean',NULL,3600.00000,3200.00000,15443),(760,'Eoarchean',NULL,4000.00000,3600.00000,15443),(761,'Ediacaran',NULL,635.00000,541.00000,47900),(762,'Cryogenian',NULL,850.00000,635.00000,47900),(763,'Tonian',NULL,1000.00000,850.00000,47900),(764,'Stenian',NULL,1200.00000,1000.00000,47900),(765,'Ectasian',NULL,1400.00000,1200.00000,47900),(766,'Calymmian',NULL,1600.00000,1400.00000,47900),(767,'Statherian',NULL,1800.00000,1600.00000,47900),(768,'Orosirian',NULL,2050.00000,1800.00000,47900),(769,'Rhyacian',NULL,2300.00000,2050.00000,47900),(770,'Siderian',NULL,2500.00000,2300.00000,47900),(771,'Lopingian',NULL,259.90000,252.17000,47900),(772,'Guadalupian',NULL,272.30000,259.90000,47900),(773,'Cisuralian',NULL,298.90000,272.30000,47900),(775,'Middle Pennsylvanian',NULL,314.60000,306.95000,15443),(778,'Middle Mississippian',NULL,345.30000,326.40000,15443),(780,'Furongian',NULL,497.00000,485.40000,47900),(781,'Middle Cambrian',NULL,513.00000,501.00000,15443),(783,'Middle Paleocene',NULL,61.70000,58.70000,15443),(784,'unnamed Pridoli stage',NULL,423.00000,419.20000,15443),(785,'Homerian',NULL,430.50000,427.40000,47900),(786,'middle Late Ordovician',NULL,455.80000,445.60000,15443),(787,'early Late Ordovician',NULL,460.90000,455.80000,15443),(788,'early Middle Ordovician',NULL,471.80000,468.10000,15443),(789,'late Early Ordovician',NULL,478.60000,471.80000,15443),(790,'Mansian',NULL,485.40000,485.00000,15443),(791,'Ketyan',NULL,498.50000,485.40000,15443),(792,'Yurakian',NULL,498.50000,485.40000,15443),(793,'Ensyan',NULL,501.00000,498.50000,15443),(794,'Maduan',NULL,501.00000,498.50000,15443),(795,'Tavgian',NULL,501.00000,485.40000,15443),(796,'Nganasanian',NULL,501.00000,498.50000,15443),(797,'Mayan',NULL,505.00000,501.00000,15443),(798,'Amgan',NULL,513.00000,505.00000,15443),(799,'Nemakit-Daldynian',NULL,541.00000,530.00000,15443),(800,'Datsonian',NULL,485.40000,485.00000,15443),(801,'Payntonian',NULL,494.00000,485.40000,15443),(802,'Iverian',NULL,498.50000,494.00000,15443),(803,'Idamean',NULL,501.00000,498.50000,15443),(804,'Mindyallan',NULL,501.00000,498.50000,15443),(805,'Boomerangian',NULL,504.00000,501.00000,15443),(806,'Undillan',NULL,505.00000,504.00000,15443),(807,'Floran',NULL,507.00000,505.00000,15443),(808,'Templetonian',NULL,513.00000,507.00000,15443),(809,'Ordian',NULL,516.00000,513.00000,15443),(810,'Taoyuanian',NULL,498.50000,485.40000,15443),(811,'Waergangian',NULL,501.00000,498.50000,15443),(812,'Youshuanian',NULL,501.00000,498.50000,15443),(813,'Wangcunian',NULL,505.00000,501.00000,15443),(814,'Taijangian',NULL,513.00000,505.00000,15443),(815,'Duyunian',NULL,516.00000,513.00000,15443),(816,'Nangaoian',NULL,516.00000,513.00000,15443),(817,'Meishucunian',NULL,541.00000,516.00000,15443),(818,'Jinnigian',NULL,541.00000,516.00000,15443),(819,'Millardan',NULL,501.00000,485.40000,15443),(820,'Lincolnian',NULL,513.00000,498.50000,15443),(821,'Begadean',NULL,541.00000,520.00000,15443),(822,'Sunwaptan',NULL,498.50000,485.40000,15443),(823,'Steptoean',NULL,501.00000,485.40000,15443),(824,'Marjumian',NULL,513.00000,498.50000,15443),(825,'Delamaran',NULL,513.00000,505.00000,15443),(826,'Dyeran',NULL,516.00000,513.00000,15443),(827,'Montezuman',NULL,530.00000,516.00000,15443),(828,'Ungurian',NULL,485.40000,478.60000,15443),(829,'Batyrbaian',NULL,498.50000,485.40000,15443),(830,'Aksayan',NULL,498.50000,485.40000,15443),(831,'Sakian',NULL,501.00000,485.40000,15443),(832,'Ayusokkanian',NULL,505.00000,498.50000,15443),(833,'Zhanarykian',NULL,505.00000,501.00000,15443),(834,'Tyesaian',NULL,513.00000,505.00000,15443),(835,'Merionethian',NULL,501.00000,485.40000,15443),(836,'Arcadian',NULL,513.00000,501.00000,15443),(837,'Branchian',NULL,520.00000,513.00000,15443),(838,'Placentian',NULL,541.00000,516.00000,15443),(839,'Ohesaare',NULL,423.00000,419.20000,15443),(840,'Kaugetuma',NULL,423.00000,419.20000,15443),(841,'Kuressaare',NULL,421.30000,419.20000,15443),(842,'Paadla',NULL,422.90000,419.20000,15443),(843,'Rootsikula',NULL,426.20000,422.90000,15443),(844,'Jaagarahu',NULL,428.20000,422.90000,15443),(845,'Jaani',NULL,428.20000,426.20000,15443),(846,'Adavere',NULL,439.00000,428.20000,15443),(847,'Raikkula',NULL,443.40000,436.00000,15443),(848,'Juuru',NULL,443.40000,439.00000,15443),(849,'Autunian',NULL,298.90000,295.00000,15443),(850,'Lebach',NULL,298.90000,295.00000,15443),(851,'Kuzel',NULL,301.20000,298.90000,15443),(852,'Vyatkian',NULL,259.00000,252.30000,15443),(853,'Severodvinian',NULL,265.00000,254.00000,15443),(854,'Urzhumian',NULL,268.00000,265.00000,15443),(855,'Povolzhian',NULL,272.50000,268.00000,15443),(856,'Sokian',NULL,272.50000,268.00000,15443),(857,'Irenian',NULL,279.50000,272.50000,15443),(858,'Filipovian',NULL,279.50000,272.50000,15443),(859,'Saranian',NULL,279.50000,272.50000,15443),(860,'Sarginian',NULL,290.10000,279.50000,15443),(861,'Irginian',NULL,290.10000,279.50000,15443),(862,'Burtsevian',NULL,290.10000,279.50000,15443),(863,'Sterlitamakian',NULL,293.00000,290.10000,15443),(864,'Tastubian',NULL,295.00000,293.00000,15443),(865,'Shikhanian',NULL,296.40000,295.00000,15443),(866,'Uskalykian',NULL,297.45000,296.40000,15443),(867,'Sjuranian',NULL,298.90000,297.45000,15443),(868,'Melekhovian',NULL,300.20000,298.90000,15443),(869,'Pavlovoposadian',NULL,302.20000,301.20000,15443),(870,'Rusavkian',NULL,303.40000,302.20000,15443),(871,'Peskovian',NULL,309.00000,305.90000,15443),(872,'Tsninian',NULL,314.60000,311.45000,15443),(873,'Prikarnian',NULL,318.10000,314.60000,15443),(874,'Severokeltmenian',NULL,318.10000,314.60000,15443),(875,'Krasnopolyanian',NULL,318.10000,314.60000,15443),(876,'Voznesenian',NULL,318.10000,314.60000,15443),(877,'Zapaltyubian',NULL,326.40000,314.60000,15443),(878,'Protvian',NULL,326.40000,318.10000,15443),(879,'Steshevian',NULL,326.40000,318.10000,15443),(880,'Tarussian',NULL,326.40000,318.10000,15443),(881,'Venevian',NULL,336.00000,326.40000,15443),(882,'Mikhailovian',NULL,339.40000,336.00000,15443),(883,'Aleksian',NULL,342.80000,339.40000,15443),(884,'Tulian',NULL,342.80000,339.40000,15443),(885,'Bobrikovian',NULL,345.00000,342.80000,15443),(886,'Radaevian',NULL,345.30000,345.00000,15443),(887,'Kosvinian',NULL,353.80000,345.00000,15443),(888,'Kizolovian',NULL,353.80000,345.30000,15443),(889,'Cherepetsian',NULL,358.90000,353.80000,15443),(890,'Karakubian',NULL,358.90000,353.80000,15443),(891,'Upinian',NULL,358.90000,353.80000,15443),(892,'Malevian',NULL,358.90000,353.80000,15443),(893,'Gumerovian',NULL,358.90000,353.80000,15443),(894,'Bursumian',NULL,296.40000,295.00000,15443),(895,'Mapingian',NULL,298.90000,295.00000,15443),(896,'Xiaodushanian',NULL,306.95000,298.90000,15443),(897,'Dalanian',NULL,314.60000,303.40000,15443),(898,'Huashibanian',NULL,318.10000,314.60000,15443),(899,'Luosuan',NULL,318.10000,314.60000,15443),(900,'Dewunian',NULL,326.40000,318.10000,15443),(901,'Shangsian',NULL,339.40000,326.40000,15443),(902,'Jiusian',NULL,345.30000,339.40000,15443),(903,'Tangbagouan',NULL,358.90000,345.30000,15443),(904,'Tatarian',NULL,268.00000,252.30000,15443),(905,'Kazanian',NULL,272.50000,268.00000,15443),(906,'Pamirian',NULL,265.00000,252.30000,15443),(907,'Murgabian',NULL,268.00000,265.00000,15443),(908,'Kubergandian',NULL,272.50000,268.00000,15443),(909,'Bolorian',NULL,279.50000,272.50000,15443),(910,'Yakhtashian',NULL,290.10000,272.50000,15443),(911,'Khoridzhian',NULL,295.00000,290.10000,15443),(912,'Sebisurkhian',NULL,298.90000,295.00000,15443),(913,'Chhidru',NULL,254.00000,252.30000,15443),(914,'Kalabagh',NULL,259.00000,254.00000,15443),(915,'Wargal',NULL,265.00000,254.00000,15443),(916,'Amb',NULL,272.50000,265.00000,15443),(917,'Lengwuan',NULL,265.00000,259.00000,15443),(918,'Kuhfengian',NULL,272.50000,265.00000,15443),(919,'Luodianian',NULL,279.50000,272.50000,15443),(920,'Longlinian',NULL,295.00000,279.50000,15443),(921,'Zisongian',NULL,298.90000,290.10000,15443),(923,'Middle Pleistocene',NULL,0.78100,0.12600,15443),(925,'Wanganui',NULL,5.33300,0.00000,18155),(926,'Taranaki',NULL,10.92000,5.33300,18155),(927,'Southland',NULL,15.90000,10.92000,18155),(928,'Pareora',NULL,21.70000,15.90000,18155),(929,'Landon',NULL,34.30000,21.70000,18155),(930,'Arnold',NULL,43.00000,34.30000,18155),(931,'Dannevirke',NULL,66.00000,43.00000,18155),(932,'Mata',NULL,86.50000,66.00000,18155),(933,'Raukumara',NULL,95.20000,86.50000,18155),(934,'Clarence',NULL,108.40000,95.20000,18155),(935,'Taitai',NULL,145.00000,108.40000,18155),(936,'Oteke',NULL,148.50000,145.00000,18155),(937,'Kawhia',NULL,175.60000,148.50000,18155),(938,'Herangi',NULL,201.30000,175.60000,18155),(939,'Balfour',NULL,227.50000,201.60000,18155),(940,'Gore',NULL,252.17000,227.50000,18155),(941,'DUrville',NULL,259.00000,251.30000,18155),(942,'Aparima',NULL,290.10000,259.00000,18155),(943,'Haweran',NULL,0.34000,0.00000,18155),(944,'Castlecliffian',NULL,1.63000,0.34000,18155),(945,'Nukumaruan',NULL,2.40000,1.63000,18155),(946,'Mangapanian',NULL,3.00000,2.40000,18155),(947,'Waipipian',NULL,3.60000,3.00000,18155),(948,'Opoitian',NULL,5.33300,3.60000,18155),(949,'Kapitean',NULL,6.50000,5.33300,18155),(950,'Tongaporutuan',NULL,11.60800,6.50000,18155),(951,'Waiauan',NULL,12.70000,11.60800,18155),(952,'Lillburnian',NULL,13.65000,12.70000,18155),(953,'Clifdenian',NULL,15.90000,13.65000,18155),(954,'Altonian',NULL,19.00000,15.90000,18155),(955,'Otaian',NULL,21.70000,19.00000,18155),(956,'Waitakian',NULL,25.20000,21.70000,18155),(957,'Duntroonian',NULL,27.30000,25.20000,18155),(958,'Whaingaroan',NULL,34.30000,27.30000,18155),(959,'Runangan',NULL,36.00000,34.30000,18155),(960,'Kaiatan',NULL,37.20000,36.00000,18155),(961,'Bortonian',NULL,43.00000,37.20000,18155),(962,'Porangan',NULL,46.20000,43.00000,18155),(963,'Heretaungan',NULL,49.50000,46.20000,18155),(964,'Mangaorapan',NULL,53.00000,49.50000,18155),(965,'Waipawan',NULL,55.80000,53.00000,18155),(966,'Teurian',NULL,66.00000,55.80000,18155),(967,'Haumurian',NULL,83.50000,66.00000,18155),(968,'Piripauan',NULL,85.80000,83.50000,18155),(969,'Teratan',NULL,89.30000,85.80000,18155),(970,'Mangaotanean',NULL,92.10000,89.30000,18155),(971,'Arowhanan',NULL,95.20000,92.10000,18155),(972,'Ngaterian',NULL,99.60000,95.20000,18155),(973,'Motuan',NULL,103.30000,99.60000,18155),(974,'Urutawan',NULL,108.40000,103.30000,18155),(975,'Korangan',NULL,125.45000,108.40000,18155),(976,'Puaroan',NULL,148.50000,145.00000,18155),(977,'Ohauan',NULL,153.50000,148.50000,18155),(978,'Heterian',NULL,161.20000,153.50000,18155),(979,'Temaikan',NULL,175.60000,161.20000,18155),(980,'Ururoan',NULL,189.60000,175.60000,18155),(981,'Aratauran',NULL,201.30000,189.60000,18155),(982,'Otapirian',NULL,205.60000,201.60000,18155),(983,'Warepan',NULL,212.00000,205.60000,18155),(984,'Otamitan',NULL,221.50000,212.00000,18155),(985,'Oretian',NULL,227.50000,221.50000,18155),(986,'Kaihikuan',NULL,238.50000,227.50000,18155),(987,'Etalian',NULL,244.50000,238.50000,18155),(988,'Malakovian',NULL,251.30000,244.50000,18155),(989,'Nelsonian',NULL,252.17000,247.20000,18155),(990,'Makarewan',NULL,253.00000,252.17000,18155),(991,'Waiitian',NULL,253.00000,252.30000,18155),(992,'Puruhauan',NULL,259.00000,253.00000,18155),(993,'Flettian',NULL,265.00000,259.00000,18155),(994,'Barettian',NULL,273.00000,265.00000,18155),(995,'Mangapirian',NULL,280.00000,273.00000,18155),(996,'Telfordian',NULL,290.10000,280.00000,18155),(997,'Tabenbulakian',NULL,28.40000,23.03000,18322),(998,'Hsandagolian',NULL,33.90000,23.03000,18322),(999,'Kekeamuan',NULL,33.90000,28.40000,18322),(1000,'Houldjinian',NULL,37.20000,33.90000,18322),(1001,'Ergilian',NULL,37.20000,33.90000,18322),(1002,'Ulangochuian',NULL,37.20000,33.90000,18322),(1003,'Sharamurunian',NULL,48.60000,37.20000,18322),(1004,'Irdinmanhan',NULL,48.60000,37.20000,18322),(1005,'Arshantan',NULL,48.60000,37.20000,18322),(1006,'Bumbanian',NULL,55.80000,48.60000,18322),(1007,'Gashatan',NULL,58.70000,55.80000,18322),(1010,'Floian',NULL,477.70000,470.00000,47900),(1011,'late Late Ordovician',NULL,445.60000,443.70000,19119),(1012,'MP 30',NULL,28.40000,23.03000,19210),(1013,'MP 29',NULL,28.40000,23.03000,19210),(1014,'MP 28',NULL,28.40000,23.03000,19210),(1015,'MP 27',NULL,28.40000,23.03000,19210),(1016,'MP 26',NULL,28.40000,23.03000,19210),(1017,'MP 25',NULL,33.90000,23.03000,19210),(1018,'MP 24',NULL,33.90000,28.40000,19210),(1019,'MP 23',NULL,33.90000,28.40000,19210),(1020,'MP 22',NULL,33.90000,28.40000,19210),(1021,'MP 21',NULL,33.90000,28.40000,19210),(1022,'MP 20',NULL,37.20000,33.90000,19210),(1023,'MP 19',NULL,37.20000,33.90000,19210),(1024,'MP 18',NULL,37.20000,33.90000,19210),(1025,'MP 17B',NULL,37.20000,33.90000,19210),(1026,'MP 17A',NULL,37.20000,33.90000,19210),(1027,'MP 16',NULL,40.40000,37.20000,19210),(1028,'MP 15',NULL,48.60000,40.40000,19210),(1029,'MP 14',NULL,48.60000,40.40000,19210),(1030,'MP 13',NULL,48.60000,40.40000,19210),(1031,'MP 12',NULL,48.60000,40.40000,19210),(1032,'MP 11',NULL,48.60000,40.40000,19210),(1033,'MP 10',NULL,55.80000,48.60000,19210),(1034,'MP 8 + 9',NULL,55.80000,48.60000,19210),(1035,'MP 7',NULL,55.80000,48.60000,19210),(1036,'MP 6',NULL,58.70000,55.80000,19210),(1037,'MP 1 - 5',NULL,66.00000,55.80000,19210),(1038,'Nihewanian',NULL,2.58800,0.01200,23736),(1039,'Yushean',NULL,4.90000,2.58800,23736),(1040,'Baodean',NULL,11.10000,4.90000,23736),(1041,'Tunggurian',NULL,13.65000,11.10000,23736),(1042,'Shanwangian',NULL,16.90000,13.65000,23736),(1043,'Xiejiaan',NULL,23.03000,16.90000,23736),(1044,'Pannonian',NULL,11.60800,7.24600,23788),(1045,'Sarmatian',NULL,12.70000,11.60800,23788),(1046,'Badenian',NULL,13.65000,12.70000,23788),(1047,'Biarmian',NULL,272.50000,268.00000,29103),(1048,'Yarengian',NULL,251.30000,247.20000,29103),(1049,'Vetlugian',NULL,252.17000,247.20000,29103),(1050,'Bukobayian',NULL,242.00000,235.00000,29103),(1051,'Donguzian',NULL,247.20000,235.00000,29103),(1052,'Gamian',NULL,252.17000,247.20000,29103),(1053,'Fedorovkian',NULL,251.30000,247.20000,29103),(1054,'Ustmylian',NULL,252.17000,247.20000,29103),(1055,'Sludkian',NULL,252.17000,247.20000,29103),(1056,'Rybinskian',NULL,252.17000,247.20000,29103),(1057,'Vokhmian',NULL,252.17000,247.20000,29103),(1066,'Sheshmian',NULL,279.50000,272.50000,29103),(1067,'Solikamskian',NULL,279.50000,272.50000,29103),(1069,'Middle Famennian',NULL,370.60000,364.70000,33105),(1072,'Middle Frasnian',NULL,382.40000,379.50000,33105),(1077,'Middle Givetian',NULL,388.10000,383.70000,33153),(1079,'Dapingian',NULL,470.00000,467.30000,47900),(1081,'Nyborg',NULL,635.00000,580.00000,30675),(1082,'Wulingian',NULL,513.00000,501.00000,40570),(1083,'Qiandongian',NULL,516.00000,513.00000,40570),(1084,'Diandongian',NULL,541.00000,516.00000,40570),(1085,'Niuchehean',NULL,498.50000,485.40000,40570),(1086,'Paibian',NULL,501.00000,498.50000,40570),(1087,'Guzhangian',NULL,500.50000,497.00000,47900),(1088,'Tarantian',NULL,0.12600,0.01200,42499),(1089,'Ionian',NULL,0.78100,0.12600,42499),(1090,'Niagaran',NULL,443.40000,422.90000,42596),(1091,'Salina',NULL,422.90000,419.20000,42596),(1092,'Lockport',NULL,428.20000,422.90000,42596),(1093,'Clinton',NULL,439.00000,426.20000,42596),(1094,'Medina',NULL,443.40000,436.00000,42596),(1095,'Kuimov',NULL,422.90000,419.20000,42596),(1096,'Chagyrka',NULL,426.20000,422.90000,42596),(1097,'Chesnokovka',NULL,436.00000,426.20000,42596),(1098,'Polaty',NULL,436.00000,428.20000,42596),(1099,'Syrovaty',NULL,439.00000,428.20000,42596),(1100,'Vtorye Utesy',NULL,443.40000,436.00000,42596),(1101,'Misikella ultima',NULL,205.60000,201.60000,42599),(1102,'Misikella rhaetica',NULL,205.60000,201.60000,42599),(1103,'Misikella posthernsteini-hernsteini',NULL,205.60000,201.60000,42599),(1104,'Misikella bidentata-posthernsteini',NULL,205.60000,201.60000,42599),(1105,'Meishanian',NULL,253.50000,252.30000,42679),(1106,'Baoqingian',NULL,254.00000,253.50000,42679),(1107,'Laoshanian',NULL,258.10000,254.00000,42679),(1108,'Laibinian',NULL,259.00000,258.10000,42679),(1109,'Series 3',NULL,509.00000,497.00000,47900),(1110,'Series 2',NULL,521.00000,509.00000,47900),(1111,'Terreneuvian',NULL,541.00000,521.00000,47900),(1112,'Stage 10',NULL,489.50000,485.40000,47900),(1113,'Jiangshanian',NULL,494.00000,489.50000,47900),(1114,'Paibian',NULL,497.00000,494.00000,47900),(1116,'Drumian',NULL,504.50000,500.50000,47900),(1117,'Stage 5',NULL,509.00000,504.50000,47900),(1118,'Stage 4',NULL,514.00000,509.00000,47900),(1119,'Stage 3',NULL,521.00000,514.00000,47900),(1120,'Stage 2',NULL,529.00000,521.00000,47900),(1121,'Fortunian',NULL,541.00000,529.00000,47900),(3001,'Pridoli',NULL,423.00000,419.20000,47900),(3002,'Holocene',NULL,0.01170,0.00000,47900),(10010,'10 Ma','10',10.00000,0.00000,0),(10020,'20 Ma','20',20.00000,10.00000,0),(10030,'30 Ma','30',30.00000,20.00000,0),(10040,'40 Ma','40',40.00000,30.00000,0),(10050,'50 Ma','50',50.00000,40.00000,0),(10060,'60 Ma','60',60.00000,50.00000,0),(10070,'70 Ma','70',70.00000,60.00000,0),(10080,'80 Ma','80',80.00000,70.00000,0),(10090,'90 Ma','90',90.00000,80.00000,0),(10100,'100 Ma','100',100.00000,90.00000,0),(10110,'110 Ma','110',110.00000,100.00000,0),(10120,'120 Ma','120',120.00000,110.00000,0),(10130,'130 Ma','130',130.00000,120.00000,0),(10140,'140 Ma','140',140.00000,130.00000,0),(10150,'150 Ma','150',150.00000,140.00000,0),(10160,'160 Ma','160',160.00000,150.00000,0),(10170,'170 Ma','170',170.00000,160.00000,0),(10180,'180 Ma','180',180.00000,170.00000,0),(10190,'190 Ma','190',190.00000,180.00000,0),(10200,'200 Ma','200',200.00000,190.00000,0),(10210,'210 Ma','210',210.00000,200.00000,0),(10220,'220 Ma','220',220.00000,210.00000,0),(10230,'230 Ma','230',230.00000,220.00000,0),(10240,'240 Ma','240',240.00000,230.00000,0),(10250,'250 Ma','250',250.00000,240.00000,0),(10260,'260 Ma','260',260.00000,250.00000,0),(10270,'270 Ma','270',270.00000,260.00000,0),(10280,'280 Ma','280',280.00000,270.00000,0),(10290,'290 Ma','290',290.00000,280.00000,0),(10300,'300 Ma','300',300.00000,290.00000,0),(10310,'310 Ma','310',310.00000,300.00000,0),(10320,'320 Ma','320',320.00000,310.00000,0),(10330,'330 Ma','330',330.00000,320.00000,0),(10340,'340 Ma','340',340.00000,330.00000,0),(10350,'350 Ma','350',350.00000,340.00000,0),(10360,'360 Ma','360',360.00000,350.00000,0),(10370,'370 Ma','370',370.00000,360.00000,0),(10380,'380 Ma','380',380.00000,370.00000,0),(10390,'390 Ma','390',390.00000,380.00000,0),(10400,'400 Ma','400',400.00000,390.00000,0),(10410,'410 Ma','410',410.00000,400.00000,0),(10420,'420 Ma','420',420.00000,410.00000,0),(10430,'430 Ma','430',430.00000,420.00000,0),(10440,'440 Ma','440',440.00000,430.00000,0),(10450,'450 Ma','450',450.00000,440.00000,0),(10460,'460 Ma','460',460.00000,450.00000,0),(10470,'470 Ma','470',470.00000,460.00000,0),(10480,'480 Ma','480',480.00000,470.00000,0),(10490,'490 Ma','490',490.00000,480.00000,0),(10500,'500 Ma','500',500.00000,490.00000,0),(10510,'510 Ma','510',510.00000,500.00000,0),(10520,'520 Ma','520',520.00000,510.00000,0),(10530,'530 Ma','530',530.00000,520.00000,0),(10540,'540 Ma','540',540.00000,530.00000,0),(10550,'550 Ma','550',550.00000,540.00000,0);
/*!40000 ALTER TABLE `interval_data` ENABLE KEYS */;
UNLOCK TABLES;

--
-- Table structure for table `scale_data`
--

DROP TABLE IF EXISTS `scale_data`;
/*!40101 SET @saved_cs_client     = @@character_set_client */;
/*!40101 SET character_set_client = utf8 */;
CREATE TABLE `scale_data` (
  `scale_no` smallint(5) unsigned NOT NULL,
  `scale_name` varchar(80) NOT NULL,
  `levels` tinyint(3) unsigned NOT NULL,
  `early_age` decimal(9,5) DEFAULT NULL,
  `late_age` decimal(9,5) DEFAULT NULL,
  `default_color` varchar(10) DEFAULT NULL,
  `reference_no` int(10) unsigned NOT NULL,
  PRIMARY KEY (`scale_no`)
) ENGINE=MyISAM DEFAULT CHARSET=utf8;
/*!40101 SET character_set_client = @saved_cs_client */;

--
-- Dumping data for table `scale_data`
--

LOCK TABLES `scale_data` WRITE;
/*!40000 ALTER TABLE `scale_data` DISABLE KEYS */;
INSERT INTO `scale_data` VALUES (1,'GSA 2012',5,4600.00000,0.00000,'#000000',0),(100,'10 Million Year Bins (Phanerozoic)',1,550.00000,0.00000,'#000000',0);
/*!40000 ALTER TABLE `scale_data` ENABLE KEYS */;
UNLOCK TABLES;

--
-- Table structure for table `scale_level_data`
--

DROP TABLE IF EXISTS `scale_level_data`;
/*!40101 SET @saved_cs_client     = @@character_set_client */;
/*!40101 SET character_set_client = utf8 */;
CREATE TABLE `scale_level_data` (
  `scale_no` smallint(5) unsigned NOT NULL,
  `level` smallint(5) unsigned NOT NULL DEFAULT '0',
  `level_name` varchar(80) NOT NULL,
  `sample` tinyint(1) NOT NULL,
  `reference_no` int(10) unsigned DEFAULT NULL,
  PRIMARY KEY (`scale_no`,`level`)
) ENGINE=MyISAM DEFAULT CHARSET=utf8;
/*!40101 SET character_set_client = @saved_cs_client */;

--
-- Dumping data for table `scale_level_data`
--

LOCK TABLES `scale_level_data` WRITE;
/*!40000 ALTER TABLE `scale_level_data` DISABLE KEYS */;
INSERT INTO `scale_level_data` VALUES (1,1,'Eon',0,NULL),(1,2,'Era',0,NULL),(1,3,'Period',1,NULL),(1,4,'Epoch',1,NULL),(1,5,'Age',1,NULL),(100,1,'Bins',1,0);
/*!40000 ALTER TABLE `scale_level_data` ENABLE KEYS */;
UNLOCK TABLES;

--
-- Table structure for table `scale_map`
--

DROP TABLE IF EXISTS `scale_map`;
/*!40101 SET @saved_cs_client     = @@character_set_client */;
/*!40101 SET character_set_client = utf8 */;
CREATE TABLE `scale_map` (
  `scale_no` smallint(5) unsigned NOT NULL,
  `level` smallint(5) unsigned NOT NULL,
  `interval_no` int(10) unsigned NOT NULL,
  `parent_no` int(10) unsigned DEFAULT NULL,
  `color` varchar(10) DEFAULT NULL,
  PRIMARY KEY (`scale_no`,`level`,`interval_no`)
) ENGINE=MyISAM DEFAULT CHARSET=latin1;
/*!40101 SET character_set_client = @saved_cs_client */;

--
-- Dumping data for table `scale_map`
--

LOCK TABLES `scale_map` WRITE;
/*!40000 ALTER TABLE `scale_map` DISABLE KEYS */;
INSERT INTO `scale_map` VALUES (1,4,31,21,'#1A9D6F'),(1,4,40,14,'#8CCD57'),(1,4,43,15,'#42AED0'),(1,4,46,16,'#983999'),(1,4,58,19,'#E5AC4D'),(1,4,29,21,'#7FCA93'),(1,4,39,14,'#A6D84A'),(1,4,41,15,'#B3E3EE'),(1,4,44,16,'#BD8CC3'),(1,4,56,19,'#F1E19D'),(1,5,922,33,'#FFF2D3'),(1,2,1,751,'#F2F91D'),(1,2,2,751,'#67C5CA'),(1,2,3,751,'#99C08D'),(1,1,11,0,'#AE027E'),(1,3,12,1,'#F9F97F'),(1,3,14,2,'#7FC64E'),(1,3,15,2,'#34B2C9'),(1,3,16,2,'#812B92'),(1,3,17,3,'#F04028'),(1,3,18,3,'#67A599'),(1,3,19,3,'#CB8C37'),(1,3,20,3,'#B3E1B6'),(1,3,21,3,'#009270'),(1,3,22,3,'#7FA056'),(1,3,25,1,'#FFE619'),(1,3,26,1,'#FD9A52'),(1,4,27,18,'#99C2B5'),(1,4,28,18,'#678F66'),(1,4,30,21,'#4DB47E'),(1,4,32,12,'#FEF2E0'),(1,4,33,12,'#FFF2AE'),(1,4,34,25,'#FFFF99'),(1,4,35,25,'#FFFF00'),(1,4,36,26,'#FDC07A'),(1,4,37,26,'#FDB46C'),(1,4,38,26,'#FDA75F'),(1,4,42,15,'#80CFD8'),(1,4,45,16,'#B168B1'),(1,5,49,27,'#CCD4C7'),(1,5,50,27,'#BFD0C5'),(1,5,51,27,'#B3CBB9'),(1,5,52,27,'#99C2B6'),(1,5,53,28,'#BFC26B'),(1,5,54,28,'#A6B96C'),(1,5,55,28,'#8CB06C'),(1,4,57,19,'#F1C868'),(1,4,59,20,'#E6F5E1'),(1,4,60,20,'#BFE6CF'),(1,4,61,20,'#B3E1C2'),(1,4,62,20,'#99D7B3'),(1,5,96,34,'#FFFFBF'),(1,5,97,34,'#FFFFB3'),(1,5,98,35,'#FFFF73'),(1,5,99,35,'#FFFF66'),(1,5,100,35,'#FFFF59'),(1,5,101,35,'#FFFF4D'),(1,5,102,35,'#FFFF41'),(1,5,103,35,'#FFFF33'),(1,5,104,36,'#FEE6AA'),(1,5,105,36,'#FED99A'),(1,5,106,37,'#FDCDA1'),(1,5,107,37,'#FDC091'),(1,5,108,37,'#FCB482'),(1,5,109,37,'#FCA773'),(1,5,110,38,'#FDBF6F'),(1,5,111,38,'#FDB462'),(1,5,112,39,'#F2FA8C'),(1,5,113,39,'#E6F47F'),(1,5,114,39,'#D9EF74'),(1,5,115,39,'#CCE968'),(1,5,116,39,'#BFE35D'),(1,5,117,39,'#B3DE53'),(1,5,118,40,'#CCEA97'),(1,5,119,40,'#BFE48A'),(1,5,120,40,'#B3DF7F'),(1,5,121,40,'#A6D975'),(1,5,122,40,'#99D36A'),(1,5,123,40,'#8CCD60'),(1,5,124,41,'#D9F1F7'),(1,5,125,41,'#CCECF4'),(1,5,126,41,'#BFE7F1'),(1,5,127,42,'#BFE7E5'),(1,5,128,42,'#B3E2E3'),(1,5,129,42,'#A6DDE0'),(1,5,130,42,'#9AD9DD'),(1,5,131,43,'#99CEE3'),(1,5,132,43,'#80C5DD'),(1,5,133,43,'#67BCD8'),(1,5,134,43,'#4EB3D3'),(1,5,135,44,'#E3B9DB'),(1,5,136,44,'#D6AAD3'),(1,5,137,44,'#C99BCB'),(1,5,138,45,'#C983BF'),(1,5,139,45,'#BC75B7'),(1,5,1009,29,'#8CD094'),(1,5,145,772,'#FB9A85'),(1,5,146,772,'#FB8D76'),(1,5,148,773,'#E38776'),(1,5,149,773,'#E37B68'),(1,5,150,773,'#E36F5C'),(1,5,151,773,'#E36350'),(1,5,177,56,'#F2EDC5'),(1,5,178,56,'#F2EDAD'),(1,5,179,57,'#F1E185'),(1,5,180,57,'#F1D576'),(1,5,181,58,'#E5D075'),(1,5,182,58,'#E5C468'),(1,5,183,58,'#E5B75A'),(1,5,184,60,'#D9F0DF'),(1,5,185,60,'#CCECDD'),(1,5,188,61,'#BFE6C3'),(1,5,189,62,'#BFE6D1'),(1,5,190,62,'#B3E1C2'),(1,5,191,62,'#A6DCB5'),(1,5,192,29,'#A6DBAB'),(1,5,556,30,'#74C69C'),(1,5,559,31,'#33A97E'),(1,5,652,46,'#B051A5'),(1,5,653,46,'#A4469F'),(1,5,715,771,'#FCC0B2'),(1,5,716,771,'#FCB4A2'),(1,5,717,772,'#FB8069'),(1,5,740,33,'#FFF2BA'),(1,5,741,33,'#FFEDB3'),(1,5,1008,29,'#99D69F'),(1,5,743,38,'#FEBF65'),(1,1,751,0,'#9AD9DD'),(1,1,752,0,'#F73563'),(1,1,753,0,'#F0047F'),(1,2,754,752,'#FEB342'),(1,2,755,752,'#FDB462'),(1,2,756,752,'#F74370'),(1,2,757,753,'#F99BC1'),(1,2,758,753,'#F768A9'),(1,2,759,753,'#F444A9'),(1,2,760,753,'#DA037F'),(1,3,761,754,'#FED96A'),(1,3,762,754,'#FECC5C'),(1,3,763,754,'#FEBF4E'),(1,3,764,755,'#FED99A'),(1,3,765,755,'#F3CC8A'),(1,3,766,755,'#FDC07A'),(1,3,767,756,'#F875A7'),(1,3,768,756,'#F76898'),(1,3,769,756,'#F75B89'),(1,3,770,756,'#F74F7C'),(1,4,771,17,'#FBA794'),(1,4,772,17,'#FB745C'),(1,4,773,17,'#EF5845'),(1,4,780,22,'#B3E095'),(1,5,785,61,'#CCEBD1'),(1,5,923,33,'#FFF2C7'),(1,5,1010,31,'#41B087'),(1,5,1079,30,'#66C092'),(1,5,1087,1109,'#CCDFAA'),(1,4,1109,22,'#A6CF86'),(1,4,1110,22,'#99C078'),(1,4,1111,22,'#8CB06C'),(1,5,1112,780,'#E6F5C9'),(1,5,1113,780,'#D9F0BB'),(1,5,1114,780,'#CCEBAE'),(1,5,1116,1109,'#BFD99D'),(1,5,1117,1109,'#B3D492'),(1,5,1118,1110,'#B3CA8E'),(1,5,1119,1110,'#A6C583'),(1,5,1120,1111,'#A6BA80'),(1,5,1121,1111,'#99B575'),(1,5,3001,59,'#E6F5E1'),(1,5,3002,32,'#FEF2E0'),(100,1,10010,NULL,NULL),(100,1,10020,NULL,NULL),(100,1,10030,NULL,NULL),(100,1,10040,NULL,NULL),(100,1,10050,NULL,NULL),(100,1,10060,NULL,NULL),(100,1,10070,NULL,NULL),(100,1,10080,NULL,NULL),(100,1,10090,NULL,NULL),(100,1,10100,NULL,NULL),(100,1,10110,NULL,NULL),(100,1,10120,NULL,NULL),(100,1,10130,NULL,NULL),(100,1,10140,NULL,NULL),(100,1,10150,NULL,NULL),(100,1,10160,NULL,NULL),(100,1,10170,NULL,NULL),(100,1,10180,NULL,NULL),(100,1,10190,NULL,NULL),(100,1,10200,NULL,NULL),(100,1,10210,NULL,NULL),(100,1,10220,NULL,NULL),(100,1,10230,NULL,NULL),(100,1,10240,NULL,NULL),(100,1,10250,NULL,NULL),(100,1,10260,NULL,NULL),(100,1,10270,NULL,NULL),(100,1,10280,NULL,NULL),(100,1,10290,NULL,NULL),(100,1,10300,NULL,NULL),(100,1,10310,NULL,NULL),(100,1,10320,NULL,NULL),(100,1,10330,NULL,NULL),(100,1,10340,NULL,NULL),(100,1,10350,NULL,NULL),(100,1,10360,NULL,NULL),(100,1,10370,NULL,NULL),(100,1,10380,NULL,NULL),(100,1,10390,NULL,NULL),(100,1,10400,NULL,NULL),(100,1,10410,NULL,NULL),(100,1,10420,NULL,NULL),(100,1,10430,NULL,NULL),(100,1,10440,NULL,NULL),(100,1,10450,NULL,NULL),(100,1,10460,NULL,NULL),(100,1,10470,NULL,NULL),(100,1,10480,NULL,NULL),(100,1,10490,NULL,NULL),(100,1,10500,NULL,NULL),(100,1,10510,NULL,NULL),(100,1,10520,NULL,NULL),(100,1,10530,NULL,NULL),(100,1,10540,NULL,NULL),(100,1,10550,NULL,NULL);
/*!40000 ALTER TABLE `scale_map` ENABLE KEYS */;
UNLOCK TABLES;
/*!40103 SET TIME_ZONE=@OLD_TIME_ZONE */;

/*!40101 SET SQL_MODE=@OLD_SQL_MODE */;
/*!40014 SET FOREIGN_KEY_CHECKS=@OLD_FOREIGN_KEY_CHECKS */;
/*!40014 SET UNIQUE_CHECKS=@OLD_UNIQUE_CHECKS */;
/*!40101 SET CHARACTER_SET_CLIENT=@OLD_CHARACTER_SET_CLIENT */;
/*!40101 SET CHARACTER_SET_RESULTS=@OLD_CHARACTER_SET_RESULTS */;
/*!40101 SET COLLATION_CONNECTION=@OLD_COLLATION_CONNECTION */;
/*!40111 SET SQL_NOTES=@OLD_SQL_NOTES */;

-- Dump completed on 2013-12-17 21:13:25
